.0A,COLLEGE NAME,WEBSITE,ADRESS
D,"Academy Of Management Studies, Hyderabad",http://www.useams.org/,"2nd Floor, Manzil Chambers,Mehdipatnam X Roads, HYD500028"
2,"Academy Of Mass Communication, Lucknow",https://www.amclko.org/,
3,"Acharaya Shri Chander College Of Medical Sciences, Jammu",http://ascomscollege.com/,"Bye Pass Road, Sidhra, Jammu 180017,Jammu & Kashmir"
4,"Acharya Institutes of Science & Management, Bangalore",https://www.acharya.ac.in/,"Acharya Institutes

Acharya Dr. S. Radhakrishnan Road

Acharya P.O Soladevanahalli

Bangalore-560107

Karnataka, India"
5,"Acharya Panth Shri GMNS Government College, Kawardha",https://pgcollegekawardha.edu.in/,"

ACHARYA PANTH SHRI GRINDH MUNI NAAM SAHEB GOVT. PG COLLEGE, KAWARDHA, DIST. KABIRDHAM (C.G.)."
6,"ACME College Of Information Technology ACIT, Hyderabad",http://acmecollege.com/,"Acme College of Arts & Sciences

Acme College of IT & Management
4th Floor, Appaji Complex
Malakpet, Hyderabad-500 036
Andhra Pradesh, INDIA.

"
7,"Adarsh College Of Education, Jind",http://www.adarshcollegeedu.co.in/ContactUs.aspx,"Adarsh College of Education
Village Brahmanwas- Teh. Julana Distt. Jind (Haryana) Pin ( 126101)"
8,"Adhiyamaan Polytechnic College, Hosur",http://www.adhiyamaanpolytech.in/,"Adhiyamaan Polytechnic College
Dr.M.G.R.Nagar, Hosur
Tamil Nadu 635130
adhyamaanpolytech@gmail.com
04344-261002 / 34"
9,Aditya Engineering College,https://www.aec.edu.in/,"Aditya Nagar, ADB Road,
       Surampalem - Pin:533437
       East-Godavari District,       
       Andhra Pradesh,
       INDIA."
10,"Aditya Institute of Technology And Management (AITAM), Srikakulam",http://www.adityatekkali.edu.in/,
11,Administrative Staff College of India,https://www.asci.org.in/,"BellaVista, Raj Bhavan Road, Khairatabad, Hyderabad, Telangana, India – 500082"
12,"Agartala Government Medical College, Agartala",http://www.agmc.nic.in/,"Agartala govt. medical college and G. B. hospital,agartala,west tripura"
13,"Ahmedabad Institute Of Nursing Science, Lapkaman",Ahmedabad Institute of Nursing Sciences,"AINS Campus
Nr. S P Ring Road
Ognaj Circle
Nr. Lions Karnavati Eye Hospital
Gota – Vadsar Highway
Lapkaman,
Ahmedabad – 380060"
14,"Aizawl Theological College, Aizawl",https://atc.edu.in/,"Durtlang Leitan: Aizawl, Mizoram Post Box - 167, Aizawl - 796001, Mizoram, India"
15,"Al Ameen Memorial Minority College, Baruipur",https://ammcollege.in/,
16,"Al Hafeez College, Ara",Al-Hafeez College,"ALHAFEEZ COLLEGE
Alimabad Murshidabab
ARRAH
Bihar-802301"
17,"Alipurduar College, Alipurduar",https://alipurduarcollege.ac.in/,k
18,"All India Institute Of Medical Sciences AIIMS, Jodhpur",https://www.aiimsjodhpur.edu.in/,All India Institute Of Medical Sciences(AIIMS)
19,"All India Institute of Medical Sciences, Bhopal (AIIMS Bhopal)",https://aiimsbhopal.edu.in/index_controller/index,
20,"Alpha College Of Engineering And Technology, Puducherry",http://www.aceatech.com/,
21,"Ambedkar College, Fatikroy",http://actripura.edu.in/,
22,"Ambedkar Institute of Management Studies, Visakhapatnam",https://aimsbschool.org/,
23,"Amity Business School, Jaipur",https://www.amity.edu/jaipur/abs/,"Amity Business School, Amity University Rajasthan 303002"
24,"Amjad Ali Khan College Of Business Administration, Hyderabad",http://amjadalikhancollege.edu.in/,"1-61/10,SandipaniNagar, Yendada,
Visakhapatnam-530045"
25,"Ampati Degree College, Ampati",http://ampatidegreecollege.in/,"Mount Pleasant, Banjara Hills Rd Number 3,

Hyderabad, – 500034, T.S. India"
26,"Ananda Chandra College Of Commerce, Jalpaiguri",https://www.accommercejpg.org/,"DBC Road (Opposite to DPSC Office)
Post: Jalpaiguri
Dist: Jalpaiguri
West Bengal , India PIN:735101"
27,"Ananda Chandra Training College, Jalpaiguri",https://www.actrainingcollege.org/,"Nayabasti, Jalpaiguri

     West Bengal – 735101"
28,"Andhra Christian Theological College ACTC, Hyderabad",http://www.actc.edu.in/,"Andhra Christian Theological College
1-2-607/1-23 Gandhinagar,
Lower Tank Bund Road, Kavadiguda,
Hyderabad, Telangana 500080"
29,"Andhra Loyola College, Vijayawada",http://www.andhraloyolacollege.ac.in/,"Andhra Christian Theological College
1-2-607/1-23 Gandhinagar,
Lower Tank Bund Road, Kavadiguda,
Hyderabad, Telangana 500080."
30,"Andhra Medical College, Visakhapatnam",http://www.amc.edu.in/,"Vijayawada,Andhra Pradesh,India,Pin- 520008."
31,"Anil Neerukonda Institute of Technology & Sciences (ANITS), Vishakapatnam",https://anits.edu.in,"IndCareer.com
52, Shilpa Nagar,
Somalwada
Nagpur - 440015
Maharashtra"
32,"Anushree Homoeopathic Medical College AHMC, Jabalpur",http://anushreecollege.com/home.php,"112, Kasodhan Nagar, Maadhotal, Jabalpur, Madhya Pradesh - 482002"
33,"APS College Of Nursing, Jalandhar",http://apscollegeofnursing.com/,
34,"AQJ Centre for PG Studies, Visakhapatnam",http://www.aqjpgstudies.org/,"AQJ Centre for PG Studies,
Gudilova
Anandapuram,
Visakhapatnam."
35,"AR College Of Pharmacy & GH Patel Institute Of Pharmacy, Vallabh Vidyanagar",http://www.arghpharmacy.ac.in/,"Mota Bazar, Post Box No-19
V.V. Nagar - 388120
Anand, Gujarat"
36,"Arafa Arts And Science College, Thrissur",http://www.arafatrust.org/arafa_arts_science.html,"Arafa Nagar, Attur P.o,
Thrissur Dt. - 680 583."
37,"Aries International Maritime Research Institute, Cochin",https://aimri.in/,"BCG Tower, 1st Floor, Opp.CSEZ,
Seaport Airport Road,
Kakkanad, Kochi, 682037"
38,"Arvind Mahila College, Patna",http://www.samcpatna.org/,
39,"Arvindbhai Patel Institute Of Environmental Design APIED, Anand",http://www.apied.edu.in/,"near bhaikaka library,vallabh vidya nagar,anand,gujarat"
40,"Arya School Of Management & Information Technology ASMIT, Bhubaneswar",https://www.aryamgt.ac.in/,"PLOT NO. 320, Behind Sani Temple,  Adjacent to NH.16 ,
PATRAPADA, BHUBANESWAR"
41,"Aryan College Of Education, Roorkee",http://aryanedu.com/,"Village : mundate,deoband road,
Tehsil : Roorkee, Haridwar (Uttrakhand)
Pincode: 247656"
42,"Aryavart College Of Education, Muana",http://www.aryavartgyan.com/,"Opp COER Engg. College,
Roorkee-Haridwar Highway vill. Rahamatpur ,
Roorkee , Dist. Haridwar, Uttarkhand"
43,"Asha Academy For BEd, Roorkee",http://ashaacademy.org/,"Opp COER Engg. College,
Roorkee-Haridwar Highway vill. Rahamatpur ,
Roorkee , Dist. Haridwar, Uttarkhand"
44,"Asian School of Architecture & Design Innovations (ASADI), Kochi",https://www.asadi.edu.in/,"Silversand Island, Vyttila, Kochi-682019, Kerala, India"
45,"ASNM Government Degree College, West Godavari",http://sriasnmgdcpalakol.in/,
46,"ASR College of Engineering, Tanuku",http://asrgroup.co.in/asrcoe/,
47,"Avanthi Institute of Engineering & Technology, Visakhapatnam",http://avanthienggcollege.ac.in/,"Tamaram, Makavarapalem, Narsipatnam(R.D), Visakapatnam Dist-531113 AP India"
48,Avinashilingam Institute for Home Science and Higher Education for Women,http://avinuty.ac.in/maincampus/,"Tamaram, Makavarapalem, Narsipatnam(R.D), Visakapatnam Dist-531113 AP India"
49,"B S S Mahila College, Dhanbad",http://bssmc.in/,"At – Luby Circular Road Hirapur, Dhanbad Jharkhand."
50,"Baba Farid Institute Of Technology BFIT, Dehradun",https://bfitdoon.com/,"Chakrata Road, Suddhowala, Dehradun, Uttarakhand, 248007"
51,"Babu Shobha Ram Government Arts College, Alwar",https://hte.rajasthan.gov.in/college/gcaalwar,Near Rao Tularam Circle (Jail Circle) Alwar Rajasthan 301001
52,"Bagwanlal K Modi Govt Pharmacy College, Rajkot",http://www.bkmp.cteguj.in/,"Polytechnic Campus,
Nr. Ajidam Bhavangar Road, Rajkot"
53,"Bakshirhat MahavidyalayaC, Cooch Behar",https://www.bakshirhatmahavidyalaya.org/,"P.O.- Bakshirhat,
Dist.: Coochbehar (W.B),
PIN: 736131."
54,"Balaji Institute of Engineering and Management, Nellore",http://beam.edu.in/,
55,"Bapatla College of Pharmacy, Guntur",http://www.bcop.net/,"Bapatla College of Pharmacy
Kothapalem
Bapatla, Guntur District
Andhra Pradesh 522101"
56,"Bapatla Engineering College, Bapatla",http://www.becbapatla.ac.in/,"Bapatla Engineering College
Bapatla-522102, Guntur(Dt),

Andhra Pradesh."
57,"Basaveshwar Science College, Bagalkot",https://www.bvvsbscbgk.org/,"Ward No.10, Main Road, Bagalkot

Karnataka 587101"
58,"BCARE Institute Of Management & Technology, Nabagram",http://bimt.org.in/,"BCARE Institute Of Management & Technology
Village : Amar, Block : Nabagram,
District : Murshidabad.
India"
59,"Bhai Gurdas College Of Law, Sangrur",https://bgcl.net.in/,"Bhai Gurdas College of Law
Patiala Road, Sangrur -148001
Punjab"
60,"Bhai Gurdas Institute Of Engineering & Technology BGIET, Sangrur",https://bgiet.ac.in/,-
61,"Bhai Gurdas Institute Of Nursing BGIN, Sangrur",https://bgin.co.in/,-
62,"Bhai Gurdas Polytechnic College BGPC, Sangrur",https://bgpc.in/,-
63,"Bhai Surender Kumar Memorial College Of Education, Jind",http://www.bskmcollege.info/,"Vill. : Gobindpura,
Bye-Pass, Bhiwani Road,
District : Jind
State : Haryana"
64,"Bhanu Pratap Dev Govt PG College, Kanker",https://govtbpdpgcollege.com/,-
65,"Bharath Institute of Science and Technology (BIST), Chennai",https://www.bharathuniv.ac.in/,"173 Agharam Road Selaiyur,
Chennai- 600 073
Tamil Nadu, India"
66,"Bhavans Tripura College Of Science And Technology, Agartala",http://www.btcstagartala.org/,"173 Agharam Road Selaiyur,
Chennai- 600 073
Tamil Nadu, India"
67,"Bhavans Tripura College Of Teacher Education, Agartala",https://www.btcte.in/,"Bhavans Tripura College of Teacher Education,
P.O: Narsingarh, Agartala, West Tripura 799015, India
  Phone(+91) 6033322532"
68,"Bhubaneswar Institute Of Technology BIT, Bhubaneswar",https://bit.edu.in/,-
69,"Bihar College of Pharmacy,Patna",https://biharcollegeofpharmacy.com/,"New Bailey Road
Near Gola Road Petrol Pump
Patna -801 503, Bihar"
70,"Bijanbari Degree College, Darjeeling",http://www.bijanbaridegreecollege.org/,"Bijanbari
Darjeeling - 734201"
71,"Biju Patnaik Institute Of Information Technology And Management Studies BIITM, Bhubaneswar",https://www.biitm.ac.in/,"Plot No - F/4, Patia
Bhubaneswar - 751024
Odisha, India"
72,"Bir Bikram Memorial College, Agartala",http://www.bbmc.nic.in/,"BIR BIKRAM MEMORIAL COLLEGE
COLLEGE TILLA, AGARTALA - 799004, TRIPURA, INDIA."
73,"Birla Institute Of Technology BIT, Deoghar",BIT Mesra,
74,"Birla Institute Of Technology BIT, Jaipur",https://www.bitmesra.ac.in/BIT_Mesra?cid=5&pid=H,
75,"Birla Vishvakarma Mahavidyalaya BVM, Anand",https://www.bvmengineering.ac.in/,
76,"Birpara College, Birpara",https://birparacollege.ac.in/,
77,"Bissau College, Shillong",http://www.bissaucollege.co.in/,
78,"Bitoli Devi Mahavidyalaya, Shahjahanpur",http://vitolidevimahavidhyalaya.in/index.php,
79,"BITS Pilani, Goa",https://www.bits-pilani.ac.in/Goa/,
80,"BMD College of Education, Rewari",https://bmdeducation.org/,
81,"BNM Homoeopathic Medical College Hospital, Saharsa",http://www.bnmhmchsaharsha.com/,
82,"Bright Institute Of Technology & Management BITM, Bokaro",http://brightedu.webs.com/,
83,"BSK College, Barharwa",http://www.bskcollegebarharwa.com/,
84,"Buddha Bhanu Saraswati College, Shillong",http://bbscollege.inshillong.com/,
85,"Capital College Of Higher Education, Kohima",http://www.capitalcollegekohima.org/,
86,"CCS College, Rajpur",http://www.ccscollege.in/,
87,"Central Institute of Higher Tibetan Studies (CIHTS),Varanasi",https://www.cihts.ac.in/webpage/index.aspx,
88,"Central Institute Of Himalayan Culture Studies, Bomdila",http://www.cihcs.edu.in/,
89,"Central Island Agricultural Research Institute ICAR, Port Blair",https://ciari.icar.gov.in/,
90,"Centre For Continuing Education, Vinayaka Missions Sikkim University, Gangtok",http://www.vmsuniversity.in/about-ccer,
91,"Centre For Studies & Research On Life And Works Of Sardar Vallabhbhai Patel CERLIP, Vallabh Vidyanagar",http://www.cerlip.res.in/,
92,"CG College Of Nursing, Raipur",http://www.cgnursing.com/,
93,"Ch SD St Theresas College for Women, Eluru",http://www.chsd-theresacollege.net/,
94,"Chamba Millennium Pvt ITI, Saru",http://cmes.co.in/index.php/iti-home,
95,"Chandigarh College Of Architecture, Chandigarh",http://cca.edu.in/,
96,"Chimanbhai MU Patel Industrial Training Centre, Vallabh Vidyanagar",http://www.cmuitcvvn.edu.in/,
97,"Christ College Of Nursing, Jagdalpur",http://christnursing.com/,
98,"Christ The King Institute of Technology, Coimbatore",http://ckpcindia.org/,
99,"Christian Academy College, Shillong",https://www.christianacademyshg.in/,
100,"Christian Institute Of Health Sciences And Research, Dimapur",https://cihsr.in/,
101,"Christu Jayanthi Jubilee College, Guntur",http://www.cjjpgcollege.ac.in/,
102,"Cluny Womens College, Kalimpong",http://www.clunycollege.com/,
103,"CMR Institute of Management and Technology, Bangalore",https://ims.cmr.ac.in/,
104,"College Of Agricultural Engineering And Post Harvest Technology CAE&PHT, Gangtok",http://www.caephtcau.ac.in/,
105,"College of Agricultural Engineering, Anantapur",http://www.caemadakasira.ac.in/,
106,"College Of Fisheries CF, Agartala",http://cofcau.nic.in/,
107,"College Of Horticulture And Forestry CH&F, Pasighat",http://www.chfcau.org.in/,
108,"College of Science and Technology, Andhra University, Visakhapatnam",https://andhrauniversity.edu.in/,
109,"College Of Teacher Education, Tura",https://ctetura.edu.in/,
110,"College Of Technology And Engineering, Udaipur",https://www.ctae.ac.in/,
111,"College Of Veterinary Science And Animal Husbandry CVS&AH, Aizawl",https://www.cvsccauaizawl.edu.in/,
112,"Colonel Degree College for Women, Chural Kalan",http://www.colonelinstitutes.com/degree,
113,"CSTS Government Degree College, West Godavari",https://www.cstsgk.ac.in/,
114,"CZ Patel College Of Business & Management, Anand",http://www.czp.edu.in/,
115,"Dadi Satyanarayana College of Education, Anakapalle",http://www.dsnce.diet.edu.in/,
116,"Dadi Veerunaidu PG College (DVNPGC), Anakapalle",https://www.indcareer.com/andhra-pradesh/visakhapatnam/www.dadiakp.com,
117,"Damber Singh College, Gangtok",http://www.res.ac.in/dsc/,
118,"Darbhanga Medical College, Darbhanga",http://www.darbhangamedicalcollege.com/,
119,"Dasaratha Deb Memorial College, Khowai",http://www.ddmctripura.edu.in/,
120,"DAV Institute Of Engineering And Technology, Daltonganj",http://www.davietpalamau.org/,
121,"DAV Mahila College, Katrasgarh",https://davmm.in/,
122,"Daying Ering College Of Teachers Education, Pasighat",https://decte.co.in/,
123,"Deccan School of Pharmacy,Hyderabad",http://www.deccanpharmacy.com/,
124,"Dev Indrawati Mahavidyalaya, Ambedkar Nagar",http://devindrawati.org.in/index.htm,
125,"Dewan Abdul Gani College, Harirampur",http://dagcol.ac.in/,
126,Dhalai District Polytechnic,http://ddpambassa.ac.in/,
127,"Dhruva College Of Management, Hyderabad",http://www.dhruva.ac.in/,
128,"Diamond Pvt ITI, Bhoranj",http://www.diamonditi.com/,
129,"Dibrugarh University Department of Pharmaceutical Sciences, Dibrugarh",https://dibru.ac.in/,
130,"Directorate Of Archives And Archaeology, Government of Goa, Panaji",http://daa.goa.gov.in/,
131,"Disha College Of Management And Technology, Berhampur",http://dishacollege.in/,
132,"DL Reddy College, Gollalamamidala",http://www.dlrcollege.org/,
133,"DN Jain College, Jabalpur",https://www.dnjaincollege.org/,
134,"DNR College of Education, Bhimavaram",https://dnrcollege.org/en/,
135,"DNR College of Law, Bhimavaram",http://www.dnrlawcollege.in/,
136,"DNR College, Bhimavaram",http://www.dnrcollege.org/,
137,"Dnyanprassarak Mandals College And Research Centre, Mapusa",http://dmscollege.ac.in/,
138,"Don Bosco College Of Engineering, Margao",http://www.dbcegoa.ac.in/,
139,"Don Bosco College Of Teacher Education, Tura",http://dbctetura.in/,
140,"Don Bosco College, Itanagar",https://dbcitanagar.com/,
141,"Doon Ghati College of Professional Education, Dehradun",https://doonghaticollege.com/index.php,
142,"Dr B R Ambedkar Government Law College, Puducherry",https://aglc1972.edu.in/,
143,"Dr B R Ambedkar Govt P G Boys College, Sriganganagar",https://hte.rajasthan.gov.in/college/gcganganagar,
144,"Dr B R Ambedkar Institute of Technology (DBRAIT), Port Blair",http://dbragpt.and.nic.in/,
145,"Dr B R Ambedkar Polytechnic College, Yanam",http://drbraptcynm.edu.in/,
146,"Dr Bhim Rao Ambedkar College, New Delhi",https://www.drbrambedkarcollege.ac.in/,
147,"Dr BR Ambedkar College Of Law, Visakhapatnam",https://www.drbrambedkarcollegeoflaw.com/,
148,"Dr CSN Degree & PG College, Bhimavaram",http://www.drcsninstitutions.org/,
149,"Dr H L Thimmegowda College of Pharmacy, Bangalore",http://www.hltcollegeofpharmacy.org/,
150,"Dr KV Subba Reddy College of Engineering for Women (KVSW), Kurnool",http://drkvsrcew.in/,
151,Dr Lankapalli Bullayya Graduate College,https://bullayyacollege.org/,
152,"Dr LB College, Visakhapatnam",https://www.bullayyacollege.org/pg-college/index.php,
153,"Dr MC Saxena College Of Medical Sciences, Lucknow",http://www.mcscms.in/,
154,"Dr MC Saxena College Of Pharmacy MCSGOC, Lucknow",https://www.mcsgoc.com/dr-mc-saxena-college-of-pharmacy.php,
155,"DR MGR Engineering College, Chennai",https://www.drmgrdu.ac.in/,
156,"Dr N R S Govt Ayurvedic College, Vijayawada",http://www.panchakarma.com/dr-n-r-shastry-government-ayurvedic-college-vijayawada-andhra-pradesh-p-183.html,
157,Dr Paul Raj Engineering College,http://www.dprec.ac.in/,
158,"Dr Samuel George Institute of Pharmaceutical Sciences, Prakasam",http://www.drsgips.ac.in/,
159,"Dr Shankar Dayal Sharma Smriti Mahavidyalaya, Bhopal",http://drsdscollegebhopal.com/,
160,"Dr. Ambedkar College, Nagpur",http://dacn.in/,
161,"Dr. R.B. Singh Gaya Homoeopathy Medical Colege & Hospital, Bodh Gaya",http://drrbsinghghmchgaya.org/,
162,"Durama College, Tura",https://duramacollege.in/,
163,"Durgabai Deshmukh College of Special Education, New Delhi",https://www.durgabaideshmukhcollege.org/index.html,
164,"Eastern Dooars BEd Training College, Alipurduar",http://edbdtc.org.in/,
165,"Eastern Institute For Integrated Learning In Management EIILM, Namchi",https://www.eiilm.co.in/,
166,"Einstein Academy Of Technology & Management EATM, Bhubaneswar",https://eatm.in/,
167,"Eliezer Joldan Memorial College (EJMC), Leh",http://www.ejmcollegeleh.in/,
168,"Ettumanoorappan College, Kottayam",https://ettumanoorappancollege.edu.in/,
169,"Everest Pvt ITI, Nirmand",https://everestiti.com/,
170,"Everest Pvt ITI, Rampur Bushahr",https://everestiti.in/,
171,"Faculty Of Agriculture, Govind Ballabh Pant University Of Agriculture & Technology, Pantnagar",http://www.gbpuat.ac.in/,
172,"Faculty Of Anthropology, Andhra University, Visakhapatnam",https://andhrauniversity.edu.in/,
173,"Faculty Of Anthropology, Sri Venkateswara University, Tirupati",https://www.svuniversity.edu.in/about,
174,"Faculty Of Archaeology, Andhra University, Visakhapatnam",https://andhrauniversity.edu.in/,
175,"Faculty of Nursing, Jamia Hamdard, New Delhi",http://jamiahamdard.edu/,
176,"Fairfield Institute Of Management & Technology FIMT, New Delhi",http://www.fimt-ggsipu.org/,
177,"Falakata BEd College, Falakata",https://www.falakatabedcollege.com/,
178,"Falakata College, Jalpaiguri",http://www.falakatacollege.org.in/,
179,"Footwear Design & Development Institute FDDI, Noida",https://www.fddiindia.com/,
180,"Forest College & Research Institute (FCRI), Hyderabad",http://www.fcrits.in/,
181,"Fr Agnel College Of Arts & Commerce, Pilar",https://www.fragnelcollege.edu.in/,
182,"Frankfinn Institute Of Air Hostess Training, Dehradun",https://www.frankfinn.com/,
183,"Future Institute of Technology (FIT), Garia, Kolkata",http://www.future-technology.in/,
184,"G D Bagaria Teachers Training College, Giridih",http://www.gdbagariateachertrainingcollege.org/,
185,G Pulla Reddy Engineering College,http://www.gprec.ac.in/,
186,"Galaxy Pvt ITI, Paonta Sahib",http://galaxyprivateiti.org/,
187,"Gandhi Institute For Technology GIFT, Bhubaneswar",https://college.gift.edu.in/,
188,Gandhi Institute of Technology & Management,https://www.gitam.edu/,
189,"Gate Institute of Technology And Management Sciences, Tirupati",http://www.gatetirupati.com/,
190,"Gateway College Of Architecture And Design GCAD, Sonipat",https://gateway.edu.in/gcad/,
191,"Gateway Institute Of Engineering & Technology GIET, Sonipat",https://gateway.edu.in/giet/,
192,"Gateway Institute Of Hotel & Tourism Management, Sonipat",https://gateway.edu.in/gihm/,
193,"Gayatri Degree & PG College, Tirupati",http://www.gayatricollege.in/,
194,"Geeta Arya College Of Education, Julana",http://www.geetaaryacollegeofeducation.com/,
195,Geetanjali College of Pharmaceutical Studies Udaipur Rajasthan,https://www.geetanjaliuniversity.com/,
196,"Geetanjali Institute Of Technical Studies, Udaipur",https://www.gits.ac.in/,
197,"Geethanjali Institute of Science and Technology (GIST), Nellore",http://www.gist.edu.in/,
198,"Ghoom Jorebunglow Degree College, Darjeeling",http://ghoomjorebunglowcollege.com/,
199,"Global Tech Institute Of Management GTIM, New Delhi",https://gtim.edu.in/,
200,GMR Institute of Technology,http://www.gmrit.org/,
201,"Goa College Of Architecture, Panaji",https://www.gcarch.goa.gov.in/,
202,"Goa College Of Art, Panaji",https://www.goacollegeofart.com/,
203,"Goa College Of Engineering, Ponda",http://www.gec.ac.in/,
204,"Goa College Of Engineering, Ponda",http://www.gec.ac.in/,
205,"Goa College Of Home Science, Panaji",http://www.goahomescience.gov.in/,
206,"Goa College Of Hospitality & Culinary Education, Vainguinim Beach",https://www.goahospitalitycollege.com/,
207,"Goa Dental College And Hospital, Bambolim",http://gdch.goa.gov.in/,
208,Godavari Institute of Engineering & Technology,http://www.giet.ac.in/,
209,"Gopabandhu Science College, Athgarh",http://www.gscathgarh.in/index,
210,"Goswami Tulsidas Govt. PG College Karwi, Chitrakoot",https://www.gtgdc.org/index.php,
211,"Government Arvind College, Kirandul",http://www.gackdl.com/,
212,"Government College For Women GCW, Parade",https://www.gcwparade.in/,
213,"Government College Of Engineering & Technology, Jammu",http://gcetjammu.org.in/,
214,"Government College Of Nursing, Kozhikode",https://govcnc.org/,
215,"Government College, Anantapur",http://www.gdcatp.org/,
216,"Government College, Bomdila",http://govtcollegebomdila.in/,
217,"Government College, Khandar",https://hte.rajasthan.gov.in/college/gckhandar,
218,"Government College, Kurwai",https://www.govcollegekurwai.in/,
219,"Government College, Nagina",http://gcnagina.ac.in/Home,
220,"Government College, Rhenock",http://sgcrhenock.in/,
221,"Government College, Yachuli",http://www.gcyachuli.ac.in/,
222,"Government Degree College, Akhnoor",http://gdcakhnoor.com/,
223,"Government Degree College, Bhadarwah",https://www.gdcbhadarwah.com/,
224,"Government Degree College, Dharmanagar",http://www.gdcdharmanagar.in/,
225,"Government Degree College, Doimukh",http://www.gcdap.org/,
226,"Government Degree College, Kamalpur",http://gdcktripura.nic.in/,
227,"Government Degree College, Kangan",http://gdckangan.com/,
228,"Government Degree College, Paloura",http://www.gdcpaloura.in/,
229,"Government Dental College and Hospital, Hyderabad",https://gdchyd.com/,
230,"Government First Grade College, Holenarasipura",https://gfgc.kar.nic.in/holenarsipur-women,
231,"Government Girls Polytechnic, Almora",http://ggpalmora.org.in/,
232,"Government Girls Polytechnic, Kotabagh",http://www.gpkotabagh.org.in/,
233,"Government Girls Polytechnic, Suddhowala",http://www.ggpdun.com/,
234,"Government Gundadhur PG College, Kondagaon",http://ggckondagaon.in/,
235,"Government Homeopathic Medical College, Thiruvananthapuram",http://www.ghmct.org/,
236,"Government Kamalanagar College, Kamalanagar",http://www.gknc.in/,
237,"Government Law College, Ernakulam",http://glcekm.com/,
238,"Government Lawngtlai College (GLC), Lawngtlai",http://www.lawngtlaicollege.mizoram.gov.in/,
239,"Government Medical College, Jammu",http://www.gmcjammu.nic.in/,
240,"Government Medical College, Kannauj",http://govtmckannauj.in/,
241,"Government MH College Of Home Science & Science For Women, Jabalpur",http://www.gmhcollege.org.in/,
242,"Government Model College, Seppa",http://www.gmcseppa.com/,
243,"Government P.G College For Women, Rohtak (GPGCW, Rohtak)",https://gcwrohtak.com/,
244,"Government Physiotherapy College, Raipur",https://business.google.com/website/gpcraipur,
245,"Government Polytechnic, Bhaga",http://www.gpbhaga.com/,
246,"Government Polytechnic, Dwarahat",http://www.gpdwarahat.com/,
247,"Government Polytechnic, Kabirdham",https://gpkabirdham.ac.in/,
248,"Government Polytechnic, Koderma",http://gp-koderma.org/,
249,"Government Polytechnic, Narendranagar",http://www.gpnngr.org.in/,
250,"Government Polytechnic, Shaktifarm",http://www.governmentpolytechnicshaktifarm.com/,
251,"Government Rewtiraman Mishra PG College, Surajpur",http://www.govtcollegesurajpur.ac.in/index.aspx,
252,"Government Saiha College, Saiha",http://www.governmentsaihacollege.edu.in/,
253,"Government Serchhip College (GSC), Serchhip",http://www.serchhipcollege.ac.in/,
254,"Govindbhai Jorabhai Patel AyurvedIc College & Research Centre, Anand",http://www.ayugjac.edu.in/,
255,"Govt Degree College For Women, Kathua",http://www.gdcwkathua.in/,
256,"Govt Degree College, Bani",http://www.gdcbani.com/,
257,"Govt Degree College, Budhal",http://www.gdcbudhal.com/,
258,"Govt Degree College, Dharmari",https://www.gdcdharmari.co.in/,
259,"Govt Degree College, Gool",http://www.gdcgool.com/,
260,"Govt Degree College, Jindrah",https://www.gdcjindrah.co.in/,
261,"Govt Degree College, Kargil",http://universityofladakh.org.in/dckargil.php,
262,"Govt Degree College, Khour",http://www.gdckhour.com/,
263,"Govt Degree College, Khumulwng",http://khumulwngcollege.in/,
264,"Govt Degree College, Mahanpur",https://www.gdcmahanpur.co.in/,
265,"Govt Degree College, Nowshera",http://www.gdcnowshera.co.in/,
266,"Govt Degree College, Surankote",https://www.gdcsurankote.in/,
267,"Govt Homoeopathic Medical College, Bhopal",http://www.ghmcbhopalayush.com/,
268,"Govt Industrial Training Institute ITI, Berthin",https://www.itiberthin.org/,
269,"Govt Industrial Training Institute ITI, Chintpurni",http://www.itichintpurni.org/,
270,"Govt Industrial Training Institute ITI, Kullu",http://itikullu.in/,
271,"Govt Khawzawl College, Khawzawl",http://khawzawlcollege.com/,
272,"Govt Mizoram Law College MLC, Aizawl",https://mlc.mizoram.gov.in/,
273,"Govt Naveen Mahavidyalaya, Odgi",http://govtcollegeodgi.ac.in/,
274,"Govt Saitual College, Saitual",http://saitualcollege.net/,
275,"Govt Shahid Gend Singh College, Charma",http://www.govtcollegecharama.in/,
276,"Govt T Romana College, Aizawl",http://www.trcollege.net/,
277,"Govt Technical Training Centre, Chennai",http://gttcguindy.in/,
278,"Govt Womens Polytechnic College, Jabalpur",http://www.gwpcjabalpur.org/,
279,"Govt Zirtiri Residential Science College, Aizawl",http://www.gzrsc.edu.in/,
280,"Govt. Degree College, Drass",http://universityofladakh.org.in/dcdrass.php,
281,"Govt. Degree College, Khaltsi",http://universityofladakh.org.in/dckhaltsi.php,
282,"Govt. Degree College, Nubra",http://universityofladakh.org.in/dcnubra.php,
283,"Govt. Degree College, Zanskar",http://universityofladakh.org.in/dczanskar.php,
284,Gramothan Vidyapeeth Mahila College Alwar Rajasthan,https://gramotthancollege.com/,
285,"Graphic Era University, Dehradun",https://www.geu.ac.in/,
286,"Great Lakes Institute Of Management, Gurgaon",https://www.greatlakes.edu.in/gurgaon/,
287,Gudlavalleru College of Engineering & Technology,http://gecgudlavalleru.ac.in/,
288,Guntur Medical College,http://gunturmedicalcollege.edu.in/,
289,"Guru Nanak Dev Dental College And Research Institute, Sunam",https://www.gnddentalcollege.com/,
290,"Guru Teg Bahadur Khalsa Institute Of Engineering & Technology GTBKIET, Muktsar",https://gtb.org.in/,
291,"Gurukul Institute, Raipur",http://www.gurukulinstitute.org/,
292,"GVMs Dr Dada Vaidya College Of Education, Ponda",https://www.gvmcollege.com/,
293,"GVRS Institute for Professional Studies, Guntur",http://www.gvrseduinst.com/,
294,"Hakim Syed Ziaul Hasan Government Unani Medical College & Hospital, Bhopal",http://gumcbhopal.in/,
295,"Hartmann College, Bareilly",http://www.hartmanncollege.org.in/,
296,"Haryana College Of Education HCE, Jind",http://hcek.org.in/,
297,"Hawabagh Womens College, Jabalpur",https://hawabaghcollege.com/,
298,"Hayagriva Polytechnic College, Puducherry",http://hayagrivapolytechnic.com/,
299,"Hazaribag College Of Dental Science And Hospital HCDSH, Hazaribagh",https://hcdsh.edu.in/,
300,"Higher And Technical Institute Of Mizoram HATIM, Lunglei",https://hatim.ac.in/,
301,"Hill College, Tadubi",https://hillcollegetadubi.nic.in/,
302,"Hills College Of Teacher Education HCTE, Naharlagun",https://www.hcte.org/,
303,"Him Education Pvt ITI, Shoghi",https://himeducationitishoghi.com/,
304,"Himalayan Pharmacy Institute, East Sikkim",http://www.hpi.ac.in/,
305,"Himalayan Pharmacy Institute, Majitar",http://www.hpi.ac.in/,
306,"Himalayan School of Science & Technology (HSST), Dehradun",https://srhu.edu.in/himalayan-school-of-science-and-technology,
307,"Hindu College Of Engineering, Sonepat",http://hcesonepat.org/hce/,
308,"Hindu College, Guntur",http://www.hcg.ac.in/,
309,"Hindustan College Of Engineering, Chennai",https://hindustanuniv.ac.in/,
310,"Hislop College, Nagpur",http://www.hislopcollege.ac.in/,
311,"Holy Cross College Of Nursing, Ambikapur",http://www.holycrossnursingcollege.org/,
312,"Holy Cross College, Agartala",https://www.holycrosscollege.in/,
313,"Holy Family College of Nursing, New Delhi",https://www.hfcondelhi.edu.in/,
314,"Holy Grace Academy Of Management Studies, Thrissur",http://www.holygracebschool.org/,
315,"Hotel Hospitality Pvt Industrial Training Institute, Hamirpur",https://www.hhiti.com/,
316,"Ideal Girls College, Imphal",http://www.igcakampat.ac.in/,
317,"IFIM Law School, Bangalore",https://ifimlawcollege.com/index.html,
318,"Immaculate College Of Education For Women, Puducherry",https://www.icepdy.org/,
319,"Immanuel College, Dimapur",http://immanuelcollege.in/,
320,"Imperial Institute Of Polytechnic & Technology, Jaipur",http://www.iipt.edu.in/,
321,"Indian Institute Of Carpet Technology IICT, Bhadohi",https://www.iict.ac.in/,
322,"Indian Institute Of Gemology, New Delhi",http://www.iigdelhi.org/,
323,"Indian Institute of Gems & Jewellery, New Delhi",http://iigjdelhi.org/,
324,"Indian Institute Of Management (IIM), Rohtak",https://www.iimrohtak.ac.in/,
325,"Indian Institute of Public Health (IIPH), Hyderabad",https://phfi.org/,
326,"Indian Institute of Science Education and Research (IISER), Tirupati",http://www.iisertirupati.ac.in/,
327,"Indian Institute Of Technology (IIT), Bombay",http://www.iitb.ac.in/,
328,"Indian Institute Of Technology (IIT), Roorkee",https://www.iitr.ac.in/,
329,"Indian School of Business Management & Administration (ISBM), Visakhapatnam",http://www.isbm.org.in/,
330,"Indira Gandhi Government College, Tezu",http://iggctezu.org/,
331,"Indira Gandhi Medical College And Research Institute, Puducherry",http://www.igmcri.com/,
332,"Indira Gandhi Polytechnic College, Mahe",https://www.igptc-mahe.org/,
333,"Indira Priyadarshini College of Nursing, Kadapa",https://www.ipcnkadapa.org/,
334,"Indo Global College Of Architecture, Abhipur",https://www.igef.net/our-colleges.php,
335,"Indo Global College Of Education, Abhipur",https://www.igef.net/our-colleges.php,
336,"Indo Global College Of Engineering, Abhipur",https://www.igef.net/our-colleges.php,
337,"Indu Tapeshwar Singh Mahila College, Bikramganj",http://www.itsmcollege.co.in/,
338,"Institute Of Advanced Studies in Education, Agartala",https://iasetripura.com/,
339,"Institute Of Co Operative Management, Bhopal",https://www.icmbpl.com/,
340,"Institute Of Dental Sciences, Jammu",https://idsjammu.co.in/,
341,"Institute Of Distance Education, Thiruvananthapuram",http://www.ideku.net/techStaffProfile.php,
342,"Institute Of Engineering & Rural Technology (IERT), Allahabad",http://www.iert.ac.in/,
343,"Institute Of Hotel Management & Catering Technology & Applied Nutrition, Dehradun",https://ihmddn.com/,
344,"Institute of Hotel Management (IHM), Gangtok",http://www.ihmgangtok.com/,
345,"Institute Of Hotel Management And Catering Technology And Applied Nutrition, Hyderabad",https://www.ihmhyd.org/,
346,"Institute Of Hotel Management Catering And Nutrition, Shimla",https://ihmshimla.org/,
347,"Institute Of Hotel Management Catering Technology & Applied Nutrition, Bathinda",http://www.ihmbti.com/,
348,"Institute Of Hotel Management Catering Technology And Applied Nutrition, Sikkim",https://www.ihmgangtok.com/,
349,"Institute Of Language Studies And Applied Social Sciences ILSASS, Anand",http://www.ilsass.edu.in/,
350,"Institute Of Management Sciences, Jammu",http://imsjammu.com/,
351,"Institute Of Nursing Sciences, Agartala",https://innscagt.blogspot.com/,
352,"Institute Of Psychiatry & Human Behaviour, Bambolim",https://iphb.goa.gov.in/,
353,"Institute Of Technology, Gopeshwar",https://itgopeshwar.ac.in/,
354,"Institute Of Technology, Mayyil",http://www.itmmba.ac.in/,
355,"Institute Of Textile Technology, Cuttack",https://www.ittchoudwar.org/,
356,"International College Of Financial Planning, New Delhi",https://www.icofp.org/,
357,"International Institute of Information Technology (IIIT), Naya Raipur",https://www.iiitnr.ac.in/,
358,"International Institute of Interior and Fashion Technology (IIIFT), Navi Mumbai",https://www.indcareer.com/maharashtra/mumbai/www.iiift.com,
359,"International Management Institute IMI, Bhubaneswar",https://imibh.edu.in/,
360,"International School Of Business & Media ISBM, Gurgaon",http://www.isbmgurgaon.com/,
361,"Ipcowala Santram College Of Fine Arts, Anand",http://www.isfinearts.edu.in/,
362,"Iqra Unani Medical Collge, Hospital & Research Centre, Jalgaon",http://www.iqramedicalcollege.in/,
363,"Islamic University Of Science And Technology School Of Technology, Pulwama",https://www.iustlive.com/,
364,"Islampur College, Islampur",https://www.islampurcollege.ac.in/,
365,"Iswar Chandra Vidyasagar College, Belonia",http://icvcollege.edu.in/,
366,"J S S College of Pharmacy, Mysore",https://jssuni.edu.in/,
367,"Jabalpur College Of Computers Communication JCCC, Jabalpur",http://jbpccc.in/,
368,"Jagadguru Shankaracharya College Of Nursing, Raipur",https://jscnraipur.com/,
369,"Jagarlamudi Kuppuswamy Choudary (JKC) College, Guntur",http://www.jkcc.ac.in/,
370,"Jagdish Sheth School of Management (formerly IFIM Business School, Bangalore)",https://www.jagsom.com/,
371,"Jaintia Eastern College, Khliehriat",http://www.jecollege.org/,
372,"Jalpaiguri Law College, Jalpaiguri",http://www.jalpaigurilawcollege.in/,
373,"Jammu College Of Physiotherapy, Jammu",http://www.jcpjammu.in/,
374,"Jasdev Singh Sandhu Degree College JSSDC, Patiala",http://www.jssgoi.com/jssdc-jasdev-singh-sandhu-degree-college/,
375,"Jawahar Bharati Degree College, Kavali",http://jawaharbharati.edu.in/jbdc2.html,
376,"Jawaharlal Nehru College, Pasighat",http://www.jncpasighat.org/,
377,"Jawaharlal Nehru Institute Of Medical Sciences JNIMS, Imphal East",http://jnims.nic.in/,
378,"Jawaharlal Nehru Rajkeeya Mahavidyalaya (JNRM), Port Blair",http://jnrm.and.nic.in/,
379,Jayaprakash Narayana College of Engineering,http://jpnce.ac.in/,
380,"JD Institute Of Fashion Technology, Mumbai",https://jdinstituteoffashiontechnology.com/,
381,"JDT Islam College of Nursing, Calicut",http://www.jdtnursing.org/,
382,"Jharkhand Vidhi Mahavidyalaya, Koderma",http://jharkhandvidhi.org/,
383,"Jindal Global Law School, Sonipat",http://www.jgls.edu.in/,
384,"JMJ College for Women, Tenali",http://jmjcollege.ac.in/,
385,"JNTU College of Engineering, Anatapur",http://www.jntucea.org/,
386,"JNTUK University College of Engineering, Vizianagaram",http://jntukucev.ac.in/,
387,"Johri Professional College, Bhopal",http://johriprofessionalcollege.com/,
388,"Jyotsna Private Industrial Training Institute, Loharian",http://www.jyotsnaitihamirpur.com/,
389,"K K Institute Of Engineering And Management, Dhanbad",http://kkcemdhanbad.ac.in/,
390,"K L Bajoria College, Shillong",https://klbajoriacollege.org/,
391,"K L E Society's College of Pharmacy,Bidar",https://www.klesociety.org/,
392,"K.K.M College, Jamui",http://kkmcollege.ac.in/web/,
393,"Kabi Nazrul Mahavidyalaya, Sonamura",http://knmsonamura.ac.in/,
394,"Kakaraparti Bhavanarayana College PG Centre, Vijayawada",https://www.indcareer.com/andhra-pradesh/vijayawada/www.kbncollege.info,
395,"Kakaraparti Bhavanarayana College, Vijayawada (KBN College)",https://www.indcareer.com/andhra-pradesh/vijayawada/www.kbncollege.ac.in,
396,"Kakching Khunou College, Thoubal",https://kakchingkhunoucollege.in/,
397,"Kakinada Institute of Engineering and Technology, Kakinada",https://www.indcareer.com/andhra-pradesh/kakinada/www.kietnet.in,
398,"Kalaniketan Polytechnic College, Jabalpur",http://knpolyjbp.ac.in/,
399,"Kamakhya Pemton College, Imphal",https://www.kamakhyapemtoncollege.ac.in/,
400,"Kamaxi College of Culinary Arts (KCCA), Verna, Goa",https://www.kamaxicollege.edu.in/,
401,"Karaikal Polytechnic College, Karaikal",http://kptc.in/,
402,"Karavali College of Nursing Sciences (KCNS), Mangalore",https://www.karavalicollege.com/,
403,"Katras College, Katrasgarh",http://www.katrascollege.org/,
404,"Kelvin Institute Of Technology, Dehradun",http://www.kelvininstitute.edu.in/,
405,"KGK Academy Foundation, Surat",https://www.indcareer.com/gujarat/surat/kgkacademy.com,
406,"KGRL College, Bhimavaram",http://www.kgrlcollege.in/,
407,"Kha Manipur College, Kakching",https://www.khamanipurcollege.edu.in/,
408,"Khanchi Pvt ITI, Chakki",http://www.khanchiiti.com/,
409,"Khandelwal Vaish Girls Institute Of Technology (KVGIT), Jaipur",https://www.indcareer.com/rajasthan/jaipur/www.kvgit.in,
410,"Khelhoshe Polytechnic, Zunheboto",http://kpanagaland.org.in/,
411,"Khrawsing Christian College, Mawphlang",http://www.khrawsingchristiancollege.in/,
412,"KJ Somaiya Polytechnic - Somaiya Vidyavihar, Mumbai",https://polytechnic.somaiya.edu.in/polytechnic,
413,"Koneru Lakshmaiah College of Engineering, Guntur",https://www.indcareer.com/andhra-pradesh/guntur/www.kice.ac.in,
414,"Kongunadu College Of Nursing, Coimbatore",https://www.kongunadunursingcollege.com/,
415,"Kottam College of Engineering, kurnool",http://www.ktmk.in/,
416,"Krupajal Industrial Training Centre KITC, Bhubaneswar",http://www.krupajal.ac.in/iti.php,
417,"KSR Memorial College Of Engineering, Cuddapah",https://www.ksrmce.ac.in/,
418,"Kumbi College, Bishnupur",https://www.kumbicollege.com/,
419,"Kurnool Medical College, Kurnool",https://kurnoolmedicalcollege.in/,
420,"KV Ranga Reddy Degree College For Women, Hyderabad",http://kvrrdcw.ac.in/,
421,"KVM Institute Of Paramedical Sciences, Alappuzha",http://kvminstituteofparamedicalsciences.in/,
422,"Lady Reading Health School, Delhi",https://www.ladyreadinghealthschool.com/,
423,Laki Reddy Bali Reddy College of Engineering,https://www.lbrce.ac.in/,
424,"Lakshmi College Of Science Technology & Management, Thrissur",http://lakshmicollege.com/,
425,"Lal Bahadur Shastri PG College, Jaipur",https://www.lbscollege.com/,
426,"Langta Baba College, Mirjaganj",https://langtababacollege.in/,
427,"Law College, Dhanbad",https://www.lawcollegedhanbad.ac.in/,
428,"LBS Centre For Science & Technology, Thiruvananthapuram",https://lbscentre.in/,
429,"Liberal College, Luwangsangbam",http://www.theliberalcollege.org/,
430,"Lilong Haoreibi College, Lilong",http://www.lhcollege.in/,
431,"LMS Law College, Imphal",http://lmslawcollege.com/,
432,"Lunglei Government College, Lunglei",http://lgc.ac.in/,
433,"M G College, Raneshwar",https://www.mgrcollege.org/,
434,"Maa Santoshi Industrial Training Institute, Bilaspur",http://itimaasantoshi.org/,
435,"Madan Mohan Mahalviya Engineering College, Gorakhpur",http://www.mmmut.ac.in/,
436,"Madan Mohan Malviya PG College, Bhatpar Rani",http://mmmpgc.ac.in/,
437,Madanapalle Institute of Technology & Science,https://www.mits.ac.in/,
438,"Mahalaxmi Jagdamba Arts Commerce & Science College, Nagpur - M.J.College",https://www.mjcolleges.com/index.html,
439,"Mahant Bachittar Singh College Of Engineering & Technology MBSCET, Jammu",http://www.mbscet.in/,
440,"Maharishi Markandeshwar College Of Dental Sciences And Research MMCDSR, Ambala",https://www.mmumullana.org/institute/dental-sciences/,
441,"Maharshi Valmiki College Of Education, New Delhi",https://www.mvce.ac.in/,
442,"Mahati College of Pharmacy, Madanaplle",http://mahathicollegeofpharmacy.in/,
443,"Mahatma Gandhi College, Guntur",http://www.mahatmagandhicollege.com/,
444,"Mahatma Gandhi Degree College, Guntur",http://www.mahatmagandhicollege.com/,
445,"Mahatma Gandhi Dental College & Hospital, Jaipur",https://mgumst.org/dental-college/,
446,"Mahatma Gandhi Government College (MGGC), Mayabunder",http://www.and.nic.in/,
447,"Mahe Co Operative College Of Teacher Education, Mahe",http://www.mahecooperativecollege.com/mccte/,
448,"Malik Sandal Institute of Art & Architecture, Bijapur",https://msiaa.secab.org/,
449,"Malwa College Of Nursing, Kotkapura",https://malwa.org/malwacollegeofnursing.php,
450,"Manda Institute Of Technology MIT, Bikaner",http://mitbikaner.ac.in/,
451,"Mandar College, Mandar",http://www.mandarcollegemandar.org/,
452,Manipur Institute of Technology (MIT Imphal),https://mitimphal.in/,
453,"Maris Stella College, Vijayawada",http://www.marisstella.ac.in/,
454,"Maryland Institute Of Technology & Management MITM, Jamshedpur",http://www.mditm.com/,
455,"Master Institute of Management Science And Technology, Nellore",http://masterkavali.com/,
456,"Mata Balasundry Pvt ITI, Nahan",http://mbsitinahan.org/,
457,"Mata Parvati Industrial Training Institute, Nurpur",https://www.mataparvatiiti.org/,
458,"Maulana Azad College Of Technology, Bhopal",http://www.manit.ac.in/,
459,"Maulana Azad Institute Of Dental Sciences, New Delhi",http://maids.ac.in/,
460,"Mawlai Presbyterian College, Shillong",http://mawlaipresbyteriancollege.org/,
461,"Mawsynram Border Area College, Mawsynram",http://www.mawsynramborderareacollege.com/,
462,"Mayai Lambi College, Imphal",http://www.mayailambicollege.in/,
463,"MC Saxena College Of Engineering And Technology MCSCET, Lucknow",https://www.mcsgoc.com/dr-mc-saxena-college-of-engineering-and-technology.php,
464,"MES College Of Arts & Commerce, Zuarinagar",https://www.mescollege.org/,
465,"MES College Of Nursing, Malappuram",http://nursing.mesams.com/,
466,"MES Dental College, Malappuram",http://dentist.mesams.com/,
467,"MGM Medical College & Hospital, Aurangabad",https://www.mgmmcha.org/,
468,"Michael Madhusudan Dutta College, Sabroom",http://www.mmdcollege.in/,
469,"Microtek Institute Of Information Technology MIIT, Varanasi",https://microtek.ac.in/users/miit,
470,"Milanjyoti College, Itervita",https://www.milanjyoticollege.com/,
471,"Millat College, Parsa",http://www.millatcollegeparsa.com/,
472,"Mirik College, Darjeeling",https://mirikdegreecollege.in/,
473,"MISB Bocconi, Mumbai",https://sdabocconiasiacenter.com/,
474,"Mittaso College Of Education, Narwana",http://www.mittasocoe.com/,
475,"Mizoram College Of Nursing, Aizawl",https://mcon.mizoram.gov.in/,
476,"Model Institute Of Education And Research, Jammu",https://www.mier.in/,
477,"Modern College, Kohima",https://mck.co.in/,
478,"Modern Pvt Industrial Training Institute, Pragpur",http://mpvtitipragpur.com/,
479,"Moreh College, Moreh",http://www.morehcollege.com/,
480,"Mother Teresa Institute Of Science And Technology MIST, Khammam",https://www.mistech.ac.in/,
481,"Mother Theresa Degree College, Palamaner",http://mtideg.edu.in/,
482,"Mother Theresa Post Graduate and Research Institute of Health Sciences, Pondicherry",https://mtihs.py.gov.in/,
483,"Moulana Abul Kalam Azad Teachers Training College, Itahar",http://makattc.org.in/,
484,"Mount Everest College, Senapati",http://www.mounteverestcollege.com/,
485,"Mount Olive College, Kohima",https://www.mtolivecollege.in/,
486,"Mount Tiyi College, Wokha",https://www.mounttiyicollege.com/,
487,"MRM College, Darbhanga",https://mrmclnmu.ac.in/,
488,"Mrs AVN College, Visakhapatnam",http://www.avncollege.ac.in/,
489,"MSN Degree College, Kakinada",http://msndc.co.in/web/,
490,"MSR Degree College, Kavali",http://msrdegreecollege.com/,
491,"Munna Lal & Jai Narayan Khemka Girls College, Saharanpur",https://mljnkgirlscollege.com/,
492,"Mushalpur College, Mushalpur",https://www.mushalpurcollege.ac.in/,
493,"Muzaffarpur Homoeopathic Medical College & Hospital, Muzaffarpur",http://muzaffarpurmhmch.com/,
494,"Nalanda Institute Of Engineering & Technology (NIET), Guntur",http://www.ngi.ac.in/about_ngi.aspx,
495,"Nalanda Institute Of Management Studies (NIMS), Guntur",http://www.ngi.ac.in/under_construction.html,
496,"Nalbari Law College, Nalbari",http://nalbarilawcollege.org/,
497,"Nalini Arvind & TV Patel Arts College, Anand",http://www.natvpatelarts.edu.in/,
498,"Nambol L Sanoi College, Nambol",http://www.nlscollege.in/,
499,"Namgyal Institute Of Tibetology, Gangtok",http://tibetology.net/,
500,Shri Ram College of Commerce,SRCC,
501,"Vignan Institute of Technology And Management(VITAM), Brahmapur",http://vitam.edu.in/vitam/,